수집시각,순위,제목,저자,출판사,굿즈,이벤트,링크,이미지URL,이전순위,순위변동
2026-10-11 05:25,1,룩 백,후지모토 타츠키 글,학산문화사,"[룩백 영화 개봉] 미니 북백/미피 얼굴 파우치 (택1, 포인트 차감)",,https://www.yes24.com/product/goods/108192000,https://image.yes24.com/goods/108192000/XL,1,–
2026-10-11 05:25,2,불가항력의 I LOVE YOU 9,호시노 미즈키 글,서울미디어코믹스(서울문화사),아크릴 티코스터,,https://www.yes24.com/product/goods/197078591,https://image.yes24.com/goods/197078591/XL,2,–
2026-10-11 05:25,3,룩 백 스페셜 에디션,후지모토 타츠키 글,학산문화사,"[룩백 영화 개봉] 미니 북백/미피 얼굴 파우치 (택1, 포인트 차감)",,https://www.yes24.com/product/goods/196788031,https://image.yes24.com/goods/196788031/XL,4,↑1
2026-10-11 05:25,4,먼작귀 1,나가노 글,미우(대원),"[애니 원작 만화] 산리오 미니 암막 우양산 (택1, 포인트 차감)",,https://www.yes24.com/product/goods/109884307,https://image.yes24.com/goods/109884307/XL,6,↑2
2026-10-11 05:25,5,마남 이치 7 트리플 특전판,니시 오사무 원,서울미디어코믹스(서울문화사),"[만화 주간 TOP 100] 미니가방 파우치 (택1, 포인트 차감)",,https://www.yes24.com/product/goods/197078561,https://image.yes24.com/goods/197078561/XL,3,↓2
2026-10-11 05:25,6,극락가 6 더블특전판,사노 유토 글,대원,"[만화 주간 TOP 100] 미니가방 파우치 (택1, 포인트 차감)",,https://www.yes24.com/product/goods/196550610,https://image.yes24.com/goods/196550610/XL,5,↓1
2026-10-11 05:25,7,먼작귀 3,나가노 글,미우(대원),"[애니 원작 만화] 산리오 미니 암막 우양산 (택1, 포인트 차감)",,https://www.yes24.com/product/goods/117459094,https://image.yes24.com/goods/117459094/XL,9,↑2
2026-10-11 05:25,8,먼작귀 2,나가노 글,미우(대원),"[애니 원작 만화] 산리오 미니 암막 우양산 (택1, 포인트 차감)",,https://www.yes24.com/product/goods/112029435,https://image.yes24.com/goods/112029435/XL,10,↑2
2026-10-11 05:25,9,캐릭캐릭 체인지! Jewel Joker 주얼 조커 4,PEACH-PIT 글,서울미디어코믹스(서울문화사),"[만화 주간 TOP 100] 미니가방 파우치 (택1, 포인트 차감)",,https://www.yes24.com/product/goods/197053845,https://image.yes24.com/goods/197053845/XL,7,↓2
2026-10-11 05:25,10,먼작귀 4,나가노 글,미우(대원),"[애니 원작 만화] 산리오 미니 암막 우양산 (택1, 포인트 차감)",,https://www.yes24.com/product/goods/122280086,https://image.yes24.com/goods/122280086/XL,11,↑1
2026-10-11 05:25,11,주술회전 모듈로 2 더블특전판,아쿠타미 게게 원,서울미디어코믹스(서울문화사),아크릴 북마크,,https://www.yes24.com/product/goods/196676056,https://image.yes24.com/goods/196676056/XL,8,↓3
2026-10-11 05:25,12,먼작귀 5,나가노 글,미우(대원),"[애니 원작 만화] 산리오 미니 암막 우양산 (택1, 포인트 차감)",,https://www.yes24.com/product/goods/124908853,https://image.yes24.com/goods/124908853/XL,13,↑1
2026-10-11 05:25,13,요리 군과 다시 만날 수는 없어! 3,Sumio Hataya 글,서울미디어코믹스(서울문화사),에폭시 엽서 2종 세트,,https://www.yes24.com/product/goods/197694342,https://image.yes24.com/goods/197694342/XL,,NEW
2026-10-11 05:25,14,"안녕, 에리",후지모토 타츠키 글,학산문화사,"[룩백 영화 개봉] 미니 북백/미피 얼굴 파우치 (택1, 포인트 차감)",,https://www.yes24.com/product/goods/121949020,https://image.yes24.com/goods/121949020/XL,15,↑1
2026-10-11 05:25,15,카구라바치 11 더블특전판,호카조노 타케루 글,대원,틴 마그넷,,https://www.yes24.com/product/goods/196013182,https://image.yes24.com/goods/196013182/XL,14,↓1
2026-10-11 05:25,16,향기로운 꽃은 늠름하게 핀다 22,미카미 사카 글,대원,"[만화 주간 TOP 100] 미니가방 파우치 (택1, 포인트 차감)",,https://www.yes24.com/product/goods/196550418,https://image.yes24.com/goods/196550418/XL,12,↓4
2026-10-11 05:25,17,타몬 군 지금 어느 쪽?! 14,시와스 유키 글,학산문화사,"[만화 주간 TOP 100] 미니가방 파우치 (택1, 포인트 차감)",,https://www.yes24.com/product/goods/195852177,https://image.yes24.com/goods/195852177/XL,16,↓1
2026-10-11 05:25,18,가르쳐줘 집사 2,마사키 미치 글,서울미디어코믹스(서울문화사),"[만화 주간 TOP 100] 미니가방 파우치 (택1, 포인트 차감)",,https://www.yes24.com/product/goods/189822628,https://image.yes24.com/goods/189822628/XL,24,↑6
2026-10-11 05:25,19,먼작귀 5 + 레터북 특별판,나가노 글,미우(대원),"[애니 원작 만화] 산리오 미니 암막 우양산 (택1, 포인트 차감)",,https://www.yes24.com/product/goods/124908866,https://image.yes24.com/goods/124908866/XL,17,↓2
2026-10-11 05:25,20,악마에 입문했습니다! 이루마 군 if Episode of 마피아(魔fia) 8,니시 오사무 글,서울미디어코믹스(서울문화사),"[만화 주간 TOP 100] 미니가방 파우치 (택1, 포인트 차감)",,https://www.yes24.com/product/goods/197649769,https://image.yes24.com/goods/197649769/XL,,NEW
2026-10-11 05:25,21,야무진 고양이는 오늘도 우울 12,야마다 히츠지 글,소미미디어,아크릴 키링,,https://www.yes24.com/product/goods/197666055,https://image.yes24.com/goods/197666055/XL,,NEW
2026-10-11 05:25,22,먼작귀 4 + 콩알도감 특별판,나가노 글,미우(대원),"[애니 원작 만화] 산리오 미니 암막 우양산 (택1, 포인트 차감)",,https://www.yes24.com/product/goods/122280096,https://image.yes24.com/goods/122280096/XL,,NEW
2026-10-11 05:25,23,먼작귀 2 + 그림책 특별판,나가노 글,미우(대원),"[애니 원작 만화] 산리오 미니 암막 우양산 (택1, 포인트 차감)",,https://www.yes24.com/product/goods/112029492,https://image.yes24.com/goods/112029492/XL,21,↓2
2026-10-11 05:25,24,마남 이치 6 트리플 특전판,니시 오사무 원,서울미디어코믹스(서울문화사),"[만화 주간 TOP 100] 미니가방 파우치 (택1, 포인트 차감)",,https://www.yes24.com/product/goods/195408762,https://image.yes24.com/goods/195408762/XL,,NEW
